action_ind,action_sub,action_sub_code,action_sub_data,env_ind,env_sub,env_sub_code,env_sub_data,DriverType.x,ExpertSuggestion,num_obs,rho,rsq,mod_coef,mod_p_value,cor_p_value,cor_sig,mod_sig
7.1.2,Proportion of population with primary reliance on clean fuels and technology (%),EG_EGY_CLEAN,188,11.6.2,"Annual mean levels of fine particulate matter in cities, urban population (micrograms per cubic meter)",EN_ATM_PM25,162,Direct Drivers: Pollution: Emissions into the atmosphere. Direct Drivers: Resource Extraction,NA,1046,-0.247,0.489,0.047,0.0068,0,TRUE,TRUE
7.1.2,Proportion of population with primary reliance on clean fuels and technology (%),EG_EGY_CLEAN,188,15.1.1,Forest area (thousands of hectares),AG_LND_FRSTN,193,Direct Drivers: Pollution: Emissions into the atmosphere. Direct Drivers: Resource Extraction,NA,454,0.127,0.578,-0.154,0.2256,0.0069,TRUE,FALSE
7.1.2,Proportion of population with primary reliance on clean fuels and technology (%),EG_EGY_CLEAN,188,15.1.1,Forest area as a proportion of total land area (%),AG_LND_FRST,193,Direct Drivers: Pollution: Emissions into the atmosphere. Direct Drivers: Resource Extraction,NA,454,0.017,0.179,-0.396,0,0.7141,FALSE,TRUE
7.1.2,Proportion of population with primary reliance on clean fuels and technology (%),EG_EGY_CLEAN,188,15.2.1,Forest area net change rate (%),AG_LND_FRSTCHG,193,Direct Drivers: Pollution: Emissions into the atmosphere. Direct Drivers: Resource Extraction,NA,336,0.237,0.106,0.194,0.0846,0,TRUE,FALSE
7.1.2,Proportion of population with primary reliance on clean fuels and technology (%),EG_EGY_CLEAN,188,15.2.1,Above-ground biomass in forest per hectare (tonnes per hectare),AG_LND_FRSTBIOPHA,193,Direct Drivers: Pollution: Emissions into the atmosphere. Direct Drivers: Resource Extraction,NA,395,-0.004,0.288,-0.253,0,0.9364,FALSE,TRUE
7.1.2,Proportion of population with primary reliance on clean fuels and technology (%),EG_EGY_CLEAN,188,15.5.1,Red List Index,ER_RSK_LSTI,193,Direct Drivers: Pollution: Emissions into the atmosphere. Direct Drivers: Resource Extraction,NA,2038,-0.037,0.33,0.017,0,0.0955,FALSE,TRUE
7.2.1,Renewable energy share in the total final energy consumption (%),EG_FEC_RNEW,191,11.6.2,"Annual mean levels of fine particulate matter in cities, urban population (micrograms per cubic meter)",EN_ATM_PM25,162,Direct Drivers: Pollution: Emissions into the atmosphere. Direct Drivers: Resource Extraction,NA,1780,0.212,0.552,-0.092,0,0,TRUE,TRUE
7.2.1,Renewable energy share in the total final energy consumption (%),EG_FEC_RNEW,191,15.1.1,Forest area (thousands of hectares),AG_LND_FRSTN,193,Direct Drivers: Pollution: Emissions into the atmosphere. Direct Drivers: Resource Extraction,NA,792,-0.006,0.696,0.567,0,0.8594,FALSE,TRUE
7.2.1,Renewable energy share in the total final energy consumption (%),EG_FEC_RNEW,191,15.1.1,Forest area as a proportion of total land area (%),AG_LND_FRST,193,Direct Drivers: Pollution: Emissions into the atmosphere. Direct Drivers: Resource Extraction,NA,792,0.12,0.22,0.319,0,7e-4,TRUE,TRUE
7.2.1,Renewable energy share in the total final energy consumption (%),EG_FEC_RNEW,191,15.2.1,Forest area net change rate (%),AG_LND_FRSTCHG,193,Direct Drivers: Pollution: Emissions into the atmosphere. Direct Drivers: Resource Extraction,NA,595,-0.266,0.086,-0.059,0.1009,0,TRUE,FALSE
7.2.1,Renewable energy share in the total final energy consumption (%),EG_FEC_RNEW,191,15.2.1,Above-ground biomass in forest per hectare (tonnes per hectare),AG_LND_FRSTBIOPHA,193,Direct Drivers: Pollution: Emissions into the atmosphere. Direct Drivers: Resource Extraction,NA,645,0.046,0.163,0.128,1e-4,0.2416,FALSE,TRUE
7.2.1,Renewable energy share in the total final energy consumption (%),EG_FEC_RNEW,191,15.5.1,Red List Index,ER_RSK_LSTI,193,Direct Drivers: Pollution: Emissions into the atmosphere. Direct Drivers: Resource Extraction,NA,3595,0.045,0.274,-0.002,0.0015,0.0064,TRUE,TRUE
8.9.1,Tourism direct GDP as a proportion of total GDP (%),ST_GDP_ZS,63,6.6.1,Water body extent (permanent and maybe permanent) (% of total land area),EN_WBE_PMPP,193,Direct driver: Tourism (intensive and nature-based),Y,471,-0.037,0.272,0.028,0.6561,0.4255,FALSE,FALSE
8.9.1,Tourism direct GDP as a proportion of total GDP (%),ST_GDP_ZS,63,6.6.1,Water body extent (permanent and maybe permanent) (square kilometres),EN_WBE_PMPN,193,Direct driver: Tourism (intensive and nature-based),Y,471,-0.197,0.554,-0.683,0,0,TRUE,TRUE
8.9.1,Tourism direct GDP as a proportion of total GDP (%),ST_GDP_ZS,63,6.6.1,Water body extent (permanent) (% of total land area),EN_WBE_PMPR,193,Direct driver: Tourism (intensive and nature-based),Y,471,-0.037,0.274,0.03,0.6285,0.4188,FALSE,FALSE
8.9.1,Tourism direct GDP as a proportion of total GDP (%),ST_GDP_ZS,63,6.6.1,Water body extent (permanent) (square kilometres),EN_WBE_PMNR,193,Direct driver: Tourism (intensive and nature-based),Y,471,-0.196,0.551,-0.677,0,0,TRUE,TRUE
8.9.1,Tourism direct GDP as a proportion of total GDP (%),ST_GDP_ZS,63,11.6.2,"Annual mean levels of fine particulate matter in cities, urban population (micrograms per cubic meter)",EN_ATM_PM25,162,Direct driver: Tourism (intensive and nature-based),Y,409,-0.076,0.416,0.021,0.6545,0.1244,FALSE,FALSE
8.9.1,Tourism direct GDP as a proportion of total GDP (%),ST_GDP_ZS,63,15.1.1,Forest area (thousands of hectares),AG_LND_FRSTN,193,Direct driver: Tourism (intensive and nature-based),Y,106,-0.149,0.668,-1.034,0.0048,0.1285,FALSE,TRUE
8.9.1,Tourism direct GDP as a proportion of total GDP (%),ST_GDP_ZS,63,15.1.1,Forest area as a proportion of total land area (%),AG_LND_FRST,193,Direct driver: Tourism (intensive and nature-based),Y,106,-0.071,0.229,-0.26,0.2692,0.4725,FALSE,FALSE
8.9.1,Tourism direct GDP as a proportion of total GDP (%),ST_GDP_ZS,63,15.2.1,Forest area net change rate (%),AG_LND_FRSTCHG,193,Direct driver: Tourism (intensive and nature-based),Y,105,0.115,0.183,0.253,0.0269,0.2447,FALSE,TRUE
8.9.1,Tourism direct GDP as a proportion of total GDP (%),ST_GDP_ZS,63,15.2.1,Above-ground biomass in forest per hectare (tonnes per hectare),AG_LND_FRSTBIOPHA,193,Direct driver: Tourism (intensive and nature-based),Y,93,-0.224,0.148,-0.404,0.0164,0.0313,TRUE,TRUE
8.9.1,Tourism direct GDP as a proportion of total GDP (%),ST_GDP_ZS,63,15.5.1,Red List Index,ER_RSK_LSTI,193,Direct driver: Tourism (intensive and nature-based),Y,526,-0.005,0.407,-0.017,0,0.9172,FALSE,TRUE
9.a.1,"Total official flows for infrastructure, by recipient countries (millions of constant 2017 United States dollars)",DC_TOF_INFRAL,146,15.2.1,Forest area net change rate (%),AG_LND_FRSTCHG,193,"Indirect-to-Direct Drivers: actions that directly affect nature: Infrastructure (dams, cities, roads)",NA,413,0.083,0.103,0.105,0.0039,0.0919,FALSE,TRUE
9.a.1,"Total official flows for infrastructure, by recipient countries (millions of constant 2017 United States dollars)",DC_TOF_INFRAL,146,15.2.1,Above-ground biomass in forest per hectare (tonnes per hectare),AG_LND_FRSTBIOPHA,193,"Indirect-to-Direct Drivers: actions that directly affect nature: Infrastructure (dams, cities, roads)",NA,454,-0.086,0.267,0.051,0.0239,0.0659,FALSE,TRUE
12.4.1,"Parties meeting their commitments and obligations in transmitting information as required by Basel Convention on hazardous waste, and other chemicals",SG_HAZ_CMRBASEL,182,11.6.2,"Annual mean levels of fine particulate matter in cities, urban population (micrograms per cubic meter)",EN_ATM_PM25,162,Direct driver: Pollution,NA,166,-0.246,0.544,-0.044,0.4271,0.0014,TRUE,FALSE
12.4.1,"Parties meeting their commitments and obligations in transmitting information as required by Rotterdam Convention on hazardous waste, and other chemicals",SG_HAZ_CMRROTDAM,155,11.6.2,"Annual mean levels of fine particulate matter in cities, urban population (micrograms per cubic meter)",EN_ATM_PM25,162,Direct driver: Pollution,NA,147,-0.197,0.541,-0.014,0.7578,0.0167,TRUE,FALSE
12.4.1,"Parties meeting their commitments and obligations in transmitting information as required by Stockholm Convention on hazardous waste, and other chemicals",SG_HAZ_CMRSTHOLM,178,11.6.2,"Annual mean levels of fine particulate matter in cities, urban population (micrograms per cubic meter)",EN_ATM_PM25,162,Direct driver: Pollution,NA,165,-0.222,0.563,-0.117,0.0508,0.0042,TRUE,FALSE
12.4.2,Electronic waste generated (Tonnes),EN_EWT_GENV,177,6.6.1,Water body extent (permanent and maybe permanent) (% of total land area),EN_WBE_PMPP,193,Direct driver: Pollution,Y,2132,-0.04,0.06,-0.214,0,0.0626,FALSE,TRUE
12.4.2,Electronic waste generated (Tonnes),EN_EWT_GENV,177,6.6.1,Water body extent (permanent and maybe permanent) (square kilometres),EN_WBE_PMPN,193,Direct driver: Pollution,Y,2132,0.286,0.615,-0.121,0.1656,0,TRUE,FALSE
12.4.2,Electronic waste generated (Tonnes),EN_EWT_GENV,177,6.6.1,Water body extent (permanent) (% of total land area),EN_WBE_PMPR,193,Direct driver: Pollution,Y,2132,-0.038,0.054,-0.212,0,0.0803,FALSE,TRUE
12.4.2,Electronic waste generated (Tonnes),EN_EWT_GENV,177,6.6.1,Water body extent (permanent) (square kilometres),EN_WBE_PMNR,193,Direct driver: Pollution,Y,2132,0.287,0.621,-0.113,0.1954,0,TRUE,FALSE
12.4.2,"Electronic waste generated, per capita (Kg)",EN_EWT_GENPCAP,177,6.6.1,Water body extent (permanent and maybe permanent) (% of total land area),EN_WBE_PMPP,193,Direct driver: Pollution,Y,2132,-0.024,0.051,-0.247,4e-4,0.2663,FALSE,TRUE
12.4.2,"Electronic waste generated, per capita (Kg)",EN_EWT_GENPCAP,177,6.6.1,Water body extent (permanent and maybe permanent) (square kilometres),EN_WBE_PMPN,193,Direct driver: Pollution,Y,2132,0.124,0.616,-0.387,0.0148,0,TRUE,TRUE
12.4.2,"Electronic waste generated, per capita (Kg)",EN_EWT_GENPCAP,177,6.6.1,Water body extent (permanent) (% of total land area),EN_WBE_PMPR,193,Direct driver: Pollution,Y,2132,-0.011,0.045,-0.223,0.0012,0.6108,FALSE,TRUE
12.4.2,"Electronic waste generated, per capita (Kg)",EN_EWT_GENPCAP,177,6.6.1,Water body extent (permanent) (square kilometres),EN_WBE_PMNR,193,Direct driver: Pollution,Y,2132,0.125,0.621,-0.342,0.0313,0,TRUE,TRUE
12.4.2,Electronic waste recycling (Tonnes),EN_EWT_RCYV,70,6.6.1,Water body extent (permanent and maybe permanent) (% of total land area),EN_WBE_PMPP,193,Direct driver: Pollution,Y,351,-0.057,0.116,0.088,5e-4,0.284,FALSE,TRUE
12.4.2,Electronic waste recycling (Tonnes),EN_EWT_RCYV,70,6.6.1,Water body extent (permanent and maybe permanent) (square kilometres),EN_WBE_PMPN,193,Direct driver: Pollution,Y,351,0.11,0.622,0.062,0.4064,0.0399,TRUE,FALSE
12.4.2,Electronic waste recycling (Tonnes),EN_EWT_RCYV,70,6.6.1,Water body extent (permanent) (% of total land area),EN_WBE_PMPR,193,Direct driver: Pollution,Y,351,-0.059,0.115,0.091,3e-4,0.2742,FALSE,TRUE
12.4.2,Electronic waste recycling (Tonnes),EN_EWT_RCYV,70,6.6.1,Water body extent (permanent) (square kilometres),EN_WBE_PMNR,193,Direct driver: Pollution,Y,351,0.11,0.622,0.068,0.3675,0.0398,TRUE,FALSE
12.4.2,"Electronic waste recycling, per capita (Kg)",EN_EWT_RCYPCAP,70,6.6.1,Water body extent (permanent and maybe permanent) (% of total land area),EN_WBE_PMPP,193,Direct driver: Pollution,Y,351,0.419,0.222,0.534,0,0,TRUE,TRUE
12.4.2,"Electronic waste recycling, per capita (Kg)",EN_EWT_RCYPCAP,70,6.6.1,Water body extent (permanent and maybe permanent) (square kilometres),EN_WBE_PMPN,193,Direct driver: Pollution,Y,351,-0.152,0.628,0.538,0.0139,0.0043,TRUE,TRUE
12.4.2,"Electronic waste recycling, per capita (Kg)",EN_EWT_RCYPCAP,70,6.6.1,Water body extent (permanent) (% of total land area),EN_WBE_PMPR,193,Direct driver: Pollution,Y,351,0.412,0.221,0.536,0,0,TRUE,TRUE
12.4.2,"Electronic waste recycling, per capita (Kg)",EN_EWT_RCYPCAP,70,6.6.1,Water body extent (permanent) (square kilometres),EN_WBE_PMNR,193,Direct driver: Pollution,Y,351,-0.152,0.628,0.543,0.0131,0.0043,TRUE,TRUE
12.4.2,Hazardous waste generated (Tonnes),EN_HAZ_GENV,78,6.6.1,Water body extent (permanent and maybe permanent) (% of total land area),EN_WBE_PMPP,193,Direct driver: Pollution,Y,519,0.004,0.137,0.017,0.2109,0.9295,FALSE,FALSE
12.4.2,Hazardous waste generated (Tonnes),EN_HAZ_GENV,78,6.6.1,Water body extent (permanent and maybe permanent) (square kilometres),EN_WBE_PMPN,193,Direct driver: Pollution,Y,519,0.398,0.617,0.12,1e-4,0,TRUE,TRUE
12.4.2,Hazardous waste generated (Tonnes),EN_HAZ_GENV,78,6.6.1,Water body extent (permanent) (% of total land area),EN_WBE_PMPR,193,Direct driver: Pollution,Y,519,0.003,0.137,0.016,0.2323,0.9442,FALSE,FALSE
12.4.2,Hazardous waste generated (Tonnes),EN_HAZ_GENV,78,6.6.1,Water body extent (permanent) (square kilometres),EN_WBE_PMNR,193,Direct driver: Pollution,Y,519,0.396,0.619,0.119,2e-4,0,TRUE,TRUE
12.4.2,"Hazardous waste generated, per capita (Kg)",EN_HAZ_PCAP,78,6.6.1,Water body extent (permanent and maybe permanent) (% of total land area),EN_WBE_PMPP,193,Direct driver: Pollution,Y,520,0.008,0.147,0.049,0.0074,0.8482,FALSE,TRUE
12.4.2,"Hazardous waste generated, per capita (Kg)",EN_HAZ_PCAP,78,6.6.1,Water body extent (permanent and maybe permanent) (square kilometres),EN_WBE_PMPN,193,Direct driver: Pollution,Y,520,0.196,0.647,0.311,0,0,TRUE,TRUE
12.4.2,"Hazardous waste generated, per capita (Kg)",EN_HAZ_PCAP,78,6.6.1,Water body extent (permanent) (% of total land area),EN_WBE_PMPR,193,Direct driver: Pollution,Y,520,0.008,0.147,0.048,0.0088,0.857,FALSE,TRUE
12.4.2,"Hazardous waste generated, per capita (Kg)",EN_HAZ_PCAP,78,6.6.1,Water body extent (permanent) (square kilometres),EN_WBE_PMNR,193,Direct driver: Pollution,Y,520,0.194,0.648,0.31,0,0,TRUE,TRUE
12.4.2,"Hazardous waste generated, per unit of GDP (kilograms per constant 2015 United States dollars)",EN_HAZ_GENGDP,77,6.6.1,Water body extent (permanent and maybe permanent) (% of total land area),EN_WBE_PMPP,193,Direct driver: Pollution,Y,483,0.006,0.179,0.404,0.0087,0.8925,FALSE,TRUE
12.4.2,"Hazardous waste generated, per unit of GDP (kilograms per constant 2015 United States dollars)",EN_HAZ_GENGDP,77,6.6.1,Water body extent (permanent and maybe permanent) (square kilometres),EN_WBE_PMPN,193,Direct driver: Pollution,Y,483,0.165,0.666,3.038,0,3e-4,TRUE,TRUE
12.4.2,"Hazardous waste generated, per unit of GDP (kilograms per constant 2015 United States dollars)",EN_HAZ_GENGDP,77,6.6.1,Water body extent (permanent) (% of total land area),EN_WBE_PMPR,193,Direct driver: Pollution,Y,483,0.006,0.18,0.388,0.0113,0.8968,FALSE,TRUE
12.4.2,"Hazardous waste generated, per unit of GDP (kilograms per constant 2015 United States dollars)",EN_HAZ_GENGDP,77,6.6.1,Water body extent (permanent) (square kilometres),EN_WBE_PMNR,193,Direct driver: Pollution,Y,483,0.164,0.667,3.017,0,3e-4,TRUE,TRUE
12.4.2,Hazardous waste treated or disposed (Tonnes),EN_HAZ_TRTDISV,65,6.6.1,Water body extent (permanent and maybe permanent) (% of total land area),EN_WBE_PMPP,193,Direct driver: Pollution,Y,442,-0.006,0.111,0.004,0.8238,0.8985,FALSE,FALSE
12.4.2,Hazardous waste treated or disposed (Tonnes),EN_HAZ_TRTDISV,65,6.6.1,Water body extent (permanent and maybe permanent) (square kilometres),EN_WBE_PMPN,193,Direct driver: Pollution,Y,442,0.649,0.6,0.182,0,0,TRUE,TRUE
12.4.2,Hazardous waste treated or disposed (Tonnes),EN_HAZ_TRTDISV,65,6.6.1,Water body extent (permanent) (% of total land area),EN_WBE_PMPR,193,Direct driver: Pollution,Y,442,-0.007,0.111,0.004,0.8273,0.8868,FALSE,FALSE
12.4.2,Hazardous waste treated or disposed (Tonnes),EN_HAZ_TRTDISV,65,6.6.1,Water body extent (permanent) (square kilometres),EN_WBE_PMNR,193,Direct driver: Pollution,Y,442,0.643,0.602,0.182,0,0,TRUE,TRUE
12.4.2,"Hazardous waste treated or disposed, rate (%)",EN_HAZ_TRTDISR,60,6.6.1,Water body extent (permanent and maybe permanent) (% of total land area),EN_WBE_PMPP,193,Direct driver: Pollution,Y,413,0.003,0.173,0.086,0.0226,0.9568,FALSE,TRUE
12.4.2,"Hazardous waste treated or disposed, rate (%)",EN_HAZ_TRTDISR,60,6.6.1,Water body extent (permanent and maybe permanent) (square kilometres),EN_WBE_PMPN,193,Direct driver: Pollution,Y,413,-0.025,0.513,0.123,0.1275,0.617,FALSE,FALSE
12.4.2,"Hazardous waste treated or disposed, rate (%)",EN_HAZ_TRTDISR,60,6.6.1,Water body extent (permanent) (% of total land area),EN_WBE_PMPR,193,Direct driver: Pollution,Y,413,0.002,0.174,0.089,0.0179,0.9692,FALSE,TRUE
12.4.2,"Hazardous waste treated or disposed, rate (%)",EN_HAZ_TRTDISR,60,6.6.1,Water body extent (permanent) (square kilometres),EN_WBE_PMNR,193,Direct driver: Pollution,Y,413,-0.025,0.516,0.127,0.112,0.6103,FALSE,FALSE
12.4.2,Electronic waste generated (Tonnes),EN_EWT_GENV,177,11.6.2,"Annual mean levels of fine particulate matter in cities, urban population (micrograms per cubic meter)",EN_ATM_PM25,162,Direct driver: Pollution,NA,1630,0.072,0.519,0.025,0.266,0.0037,TRUE,FALSE
12.4.2,"Electronic waste generated, per capita (Kg)",EN_EWT_GENPCAP,177,11.6.2,"Annual mean levels of fine particulate matter in cities, urban population (micrograms per cubic meter)",EN_ATM_PM25,162,Direct driver: Pollution,NA,1630,-0.38,0.519,-0.069,0.0867,0,TRUE,FALSE
12.4.2,Electronic waste recycling (Tonnes),EN_EWT_RCYV,70,11.6.2,"Annual mean levels of fine particulate matter in cities, urban population (micrograms per cubic meter)",EN_ATM_PM25,162,Direct driver: Pollution,NA,386,0.182,0.622,0.029,0.0091,3e-4,TRUE,TRUE
12.4.2,"Electronic waste recycling, per capita (Kg)",EN_EWT_RCYPCAP,70,11.6.2,"Annual mean levels of fine particulate matter in cities, urban population (micrograms per cubic meter)",EN_ATM_PM25,162,Direct driver: Pollution,NA,386,-0.457,0.615,0.032,0.3638,0,TRUE,FALSE
12.4.2,Hazardous waste generated (Tonnes),EN_HAZ_GENV,78,11.6.2,"Annual mean levels of fine particulate matter in cities, urban population (micrograms per cubic meter)",EN_ATM_PM25,162,Direct driver: Pollution,NA,351,-0.055,0.618,-0.041,0,0.3024,FALSE,TRUE
12.4.2,"Hazardous waste generated, per capita (Kg)",EN_HAZ_PCAP,78,11.6.2,"Annual mean levels of fine particulate matter in cities, urban population (micrograms per cubic meter)",EN_ATM_PM25,162,Direct driver: Pollution,NA,351,-0.079,0.628,-0.062,0,0.1375,FALSE,TRUE
12.4.2,"Hazardous waste generated, per unit of GDP (kilograms per constant 2015 United States dollars)",EN_HAZ_GENGDP,77,11.6.2,"Annual mean levels of fine particulate matter in cities, urban population (micrograms per cubic meter)",EN_ATM_PM25,162,Direct driver: Pollution,NA,351,-0.052,0.621,-0.433,0,0.3324,FALSE,TRUE
12.4.2,Hazardous waste treated or disposed (Tonnes),EN_HAZ_TRTDISV,65,11.6.2,"Annual mean levels of fine particulate matter in cities, urban population (micrograms per cubic meter)",EN_ATM_PM25,162,Direct driver: Pollution,NA,293,0.004,0.594,-0.031,5e-4,0.9513,FALSE,TRUE
12.4.2,"Hazardous waste treated or disposed, rate (%)",EN_HAZ_TRTDISR,60,11.6.2,"Annual mean levels of fine particulate matter in cities, urban population (micrograms per cubic meter)",EN_ATM_PM25,162,Direct driver: Pollution,NA,278,0.062,0.616,0.035,0.0536,0.3069,FALSE,FALSE
12.4.2,Electronic waste generated (Tonnes),EN_EWT_GENV,177,15.1.1,Forest area (thousands of hectares),AG_LND_FRSTN,193,Direct driver: Pollution,NA,705,0.44,0.611,0.271,0.0544,0,TRUE,FALSE
12.4.2,Electronic waste generated (Tonnes),EN_EWT_GENV,177,15.1.1,Forest area as a proportion of total land area (%),AG_LND_FRST,193,Direct driver: Pollution,NA,705,0.004,0.178,-0.098,0.2449,0.92,FALSE,FALSE
12.4.2,"Electronic waste generated, per capita (Kg)",EN_EWT_GENPCAP,177,15.1.1,Forest area (thousands of hectares),AG_LND_FRSTN,193,Direct driver: Pollution,NA,705,0.078,0.609,0.315,0.266,0.0379,TRUE,FALSE
12.4.2,"Electronic waste generated, per capita (Kg)",EN_EWT_GENPCAP,177,15.1.1,Forest area as a proportion of total land area (%),AG_LND_FRST,193,Direct driver: Pollution,NA,705,-0.021,0.181,-0.327,0.054,0.5837,FALSE,FALSE
12.4.2,Electronic waste recycling (Tonnes),EN_EWT_RCYV,70,15.1.1,Forest area (thousands of hectares),AG_LND_FRSTN,193,Direct driver: Pollution,NA,98,0.213,0.744,-0.025,0.8423,0.0356,TRUE,FALSE
12.4.2,Electronic waste recycling (Tonnes),EN_EWT_RCYV,70,15.1.1,Forest area as a proportion of total land area (%),AG_LND_FRST,193,Direct driver: Pollution,NA,98,0.038,0.095,0.001,0.9833,0.7116,FALSE,FALSE
12.4.2,"Electronic waste recycling, per capita (Kg)",EN_EWT_RCYPCAP,70,15.1.1,Forest area (thousands of hectares),AG_LND_FRSTN,193,Direct driver: Pollution,NA,98,-0.237,0.744,-0.137,0.6742,0.0189,TRUE,FALSE
12.4.2,"Electronic waste recycling, per capita (Kg)",EN_EWT_RCYPCAP,70,15.1.1,Forest area as a proportion of total land area (%),AG_LND_FRST,193,Direct driver: Pollution,NA,98,0.05,0.096,0.068,0.7017,0.6259,FALSE,FALSE
12.4.2,Hazardous waste generated (Tonnes),EN_HAZ_GENV,78,15.1.1,Forest area (thousands of hectares),AG_LND_FRSTN,193,Direct driver: Pollution,NA,133,0.094,0.746,0.024,0.6348,0.2818,FALSE,FALSE
12.4.2,Hazardous waste generated (Tonnes),EN_HAZ_GENV,78,15.1.1,Forest area as a proportion of total land area (%),AG_LND_FRST,193,Direct driver: Pollution,NA,133,-0.132,0.353,-0.035,0.2532,0.1305,FALSE,FALSE
12.4.2,"Hazardous waste generated, per capita (Kg)",EN_HAZ_PCAP,78,15.1.1,Forest area (thousands of hectares),AG_LND_FRSTN,193,Direct driver: Pollution,NA,133,-0.017,0.755,0.141,0.0355,0.842,FALSE,TRUE
12.4.2,"Hazardous waste generated, per capita (Kg)",EN_HAZ_PCAP,78,15.1.1,Forest area as a proportion of total land area (%),AG_LND_FRST,193,Direct driver: Pollution,NA,133,-0.141,0.347,-0.019,0.6507,0.105,FALSE,FALSE
12.4.2,"Hazardous waste generated, per unit of GDP (kilograms per constant 2015 United States dollars)",EN_HAZ_GENGDP,77,15.1.1,Forest area (thousands of hectares),AG_LND_FRSTN,193,Direct driver: Pollution,NA,129,-0.024,0.744,0.853,0.0607,0.7905,FALSE,FALSE
12.4.2,"Hazardous waste generated, per unit of GDP (kilograms per constant 2015 United States dollars)",EN_HAZ_GENGDP,77,15.1.1,Forest area as a proportion of total land area (%),AG_LND_FRST,193,Direct driver: Pollution,NA,129,-0.168,0.37,-0.692,0.0113,0.0567,FALSE,TRUE
12.4.2,Hazardous waste treated or disposed (Tonnes),EN_HAZ_TRTDISV,65,15.1.1,Forest area (thousands of hectares),AG_LND_FRSTN,193,Direct driver: Pollution,NA,111,0.177,0.722,0.141,0.0083,0.0633,FALSE,TRUE
12.4.2,Hazardous waste treated or disposed (Tonnes),EN_HAZ_TRTDISV,65,15.1.1,Forest area as a proportion of total land area (%),AG_LND_FRST,193,Direct driver: Pollution,NA,111,-0.18,0.373,0.023,0.4949,0.0585,FALSE,FALSE
12.4.2,"Hazardous waste treated or disposed, rate (%)",EN_HAZ_TRTDISR,60,15.1.1,Forest area (thousands of hectares),AG_LND_FRSTN,193,Direct driver: Pollution,NA,103,0.028,0.692,0.097,0.4875,0.7794,FALSE,FALSE
12.4.2,"Hazardous waste treated or disposed, rate (%)",EN_HAZ_TRTDISR,60,15.1.1,Forest area as a proportion of total land area (%),AG_LND_FRST,193,Direct driver: Pollution,NA,103,0.102,0.382,0.121,0.1721,0.3038,FALSE,FALSE
12.4.2,Electronic waste generated (Tonnes),EN_EWT_GENV,177,15.2.1,Forest area net change rate (%),AG_LND_FRSTCHG,193,Direct driver: Pollution,NA,527,0.066,0.092,0.207,0.0316,0.1299,FALSE,TRUE
12.4.2,Electronic waste generated (Tonnes),EN_EWT_GENV,177,15.2.1,Above-ground biomass in forest per hectare (tonnes per hectare),AG_LND_FRSTBIOPHA,193,Direct driver: Pollution,NA,584,-0.099,0.194,0.023,0.6826,0.0162,TRUE,FALSE
12.4.2,"Electronic waste generated, per capita (Kg)",EN_EWT_GENPCAP,177,15.2.1,Forest area net change rate (%),AG_LND_FRSTCHG,193,Direct driver: Pollution,NA,527,0.248,0.083,0.037,0.8414,0,TRUE,FALSE
12.4.2,"Electronic waste generated, per capita (Kg)",EN_EWT_GENPCAP,177,15.2.1,Above-ground biomass in forest per hectare (tonnes per hectare),AG_LND_FRSTBIOPHA,193,Direct driver: Pollution,NA,584,-0.043,0.195,-0.089,0.4475,0.2959,FALSE,FALSE
12.4.2,Electronic waste recycling (Tonnes),EN_EWT_RCYV,70,15.2.1,Forest area net change rate (%),AG_LND_FRSTCHG,193,Direct driver: Pollution,NA,98,0.09,0.113,0.041,0.1866,0.3781,FALSE,FALSE
12.4.2,Electronic waste recycling (Tonnes),EN_EWT_RCYV,70,15.2.1,Above-ground biomass in forest per hectare (tonnes per hectare),AG_LND_FRSTBIOPHA,193,Direct driver: Pollution,NA,90,-0.111,0.089,-0.068,0.2485,0.2987,FALSE,FALSE
12.4.2,"Electronic waste recycling, per capita (Kg)",EN_EWT_RCYPCAP,70,15.2.1,Forest area net change rate (%),AG_LND_FRSTCHG,193,Direct driver: Pollution,NA,98,0.206,0.096,0.035,0.6722,0.0417,TRUE,FALSE
12.4.2,"Electronic waste recycling, per capita (Kg)",EN_EWT_RCYPCAP,70,15.2.1,Above-ground biomass in forest per hectare (tonnes per hectare),AG_LND_FRSTBIOPHA,193,Direct driver: Pollution,NA,90,-0.056,0.074,-0.016,0.9167,0.6013,FALSE,FALSE
12.4.2,Hazardous waste generated (Tonnes),EN_HAZ_GENV,78,15.2.1,Forest area net change rate (%),AG_LND_FRSTCHG,193,Direct driver: Pollution,NA,111,-0.043,0.26,0.017,0.6187,0.6522,FALSE,FALSE
12.4.2,Hazardous waste generated (Tonnes),EN_HAZ_GENV,78,15.2.1,Above-ground biomass in forest per hectare (tonnes per hectare),AG_LND_FRSTBIOPHA,193,Direct driver: Pollution,NA,110,-0.14,0.287,-0.032,0.0764,0.1439,FALSE,FALSE
12.4.2,"Hazardous waste generated, per capita (Kg)",EN_HAZ_PCAP,78,15.2.1,Forest area net change rate (%),AG_LND_FRSTCHG,193,Direct driver: Pollution,NA,111,-0.049,0.259,0.001,0.9761,0.6119,FALSE,FALSE
12.4.2,"Hazardous waste generated, per capita (Kg)",EN_HAZ_PCAP,78,15.2.1,Above-ground biomass in forest per hectare (tonnes per hectare),AG_LND_FRSTBIOPHA,193,Direct driver: Pollution,NA,110,-0.12,0.271,-0.023,0.3537,0.2101,FALSE,FALSE
12.4.2,"Hazardous waste generated, per unit of GDP (kilograms per constant 2015 United States dollars)",EN_HAZ_GENGDP,77,15.2.1,Forest area net change rate (%),AG_LND_FRSTCHG,193,Direct driver: Pollution,NA,108,-0.088,0.191,-0.175,0.5282,0.3642,FALSE,FALSE
12.4.2,"Hazardous waste generated, per unit of GDP (kilograms per constant 2015 United States dollars)",EN_HAZ_GENGDP,77,15.2.1,Above-ground biomass in forest per hectare (tonnes per hectare),AG_LND_FRSTBIOPHA,193,Direct driver: Pollution,NA,106,-0.144,0.286,-0.174,0.2571,0.1401,FALSE,FALSE
12.4.2,Hazardous waste treated or disposed (Tonnes),EN_HAZ_TRTDISV,65,15.2.1,Forest area net change rate (%),AG_LND_FRSTCHG,193,Direct driver: Pollution,NA,98,0.016,0.292,0.037,0.338,0.8786,FALSE,FALSE
12.4.2,Hazardous waste treated or disposed (Tonnes),EN_HAZ_TRTDISV,65,15.2.1,Above-ground biomass in forest per hectare (tonnes per hectare),AG_LND_FRSTBIOPHA,193,Direct driver: Pollution,NA,94,-0.196,0.244,-0.028,0.2111,0.0585,FALSE,FALSE
12.4.2,"Hazardous waste treated or disposed, rate (%)",EN_HAZ_TRTDISR,60,15.2.1,Forest area net change rate (%),AG_LND_FRSTCHG,193,Direct driver: Pollution,NA,90,0.232,0.285,0.197,0.0513,0.028,TRUE,FALSE
12.4.2,"Hazardous waste treated or disposed, rate (%)",EN_HAZ_TRTDISR,60,15.2.1,Above-ground biomass in forest per hectare (tonnes per hectare),AG_LND_FRSTBIOPHA,193,Direct driver: Pollution,NA,90,0.007,0.232,-0.039,0.4902,0.9475,FALSE,FALSE
12.5.1,"National recycling rate, tons of material recycled",12.5.1,62,11.6.2,"Annual mean levels of fine particulate matter in cities, urban population (micrograms per cubic meter)",EN_ATM_PM25,162,Direct driver: Pollution: Disposal or deposition of solids,NA,372,-0.277,0.488,0.027,0.2692,0,TRUE,FALSE
12.5.1,"National recycling rate, tons of material recycled",12.5.1,62,15.5.1,Red List Index,ER_RSK_LSTI,193,Direct driver: Pollution: Disposal or deposition of solids,NA,784,0.16,0.362,0,0.8884,0,TRUE,FALSE
14.5.1,Average proportion of Marine Key Biodiversity Areas (KBAs) covered by protected areas (%),ER_MRN_MPA,136,2.5.2,Proportion of local breeds classified as being at risk as a share of local breeds with known level of extinction risk (%),ER_RSK_LBREDS,193,Indirect-to-Direct Drivers: actions that directly affect nature,Y,815,0.485,0.4,0.388,0,0,TRUE,TRUE
15.1.2,Average proportion of Freshwater Key Biodiversity Areas (KBAs) covered by protected areas (%),ER_PTD_FRWRT,140,2.5.2,Proportion of local breeds classified as being at risk as a share of local breeds with known level of extinction risk (%),ER_RSK_LBREDS,193,Indirect-to-Direct Drivers: actions that directly affect nature,Y,977,0.275,0.499,-0.365,0,0,TRUE,TRUE
15.1.2,Average proportion of Terrestrial Key Biodiversity Areas (KBAs) covered by protected areas (%),ER_PTD_TERRS,188,2.5.2,Proportion of local breeds classified as being at risk as a share of local breeds with known level of extinction risk (%),ER_RSK_LBREDS,193,Indirect-to-Direct Drivers: actions that directly affect nature,Y,1038,0.33,0.475,0.271,0,0,TRUE,TRUE
15.1.2,Average proportion of Freshwater Key Biodiversity Areas (KBAs) covered by protected areas (%),ER_PTD_FRWRT,140,15.2.1,Forest area net change rate (%),AG_LND_FRSTCHG,193,Indirect-to-Direct Drivers: actions that directly affect nature,Y,413,-0.04,0.105,-0.066,0.1666,0.42,FALSE,FALSE
15.1.2,Average proportion of Freshwater Key Biodiversity Areas (KBAs) covered by protected areas (%),ER_PTD_FRWRT,140,15.2.1,Above-ground biomass in forest per hectare (tonnes per hectare),AG_LND_FRSTBIOPHA,193,Indirect-to-Direct Drivers: actions that directly affect nature,Y,499,0.155,0.151,0.107,6e-4,5e-4,TRUE,TRUE
15.1.2,Average proportion of Terrestrial Key Biodiversity Areas (KBAs) covered by protected areas (%),ER_PTD_TERRS,188,15.2.1,Forest area net change rate (%),AG_LND_FRSTCHG,193,Indirect-to-Direct Drivers: actions that directly affect nature,Y,584,-0.124,0.091,-0.093,0.0349,0.0026,TRUE,TRUE
15.1.2,Average proportion of Terrestrial Key Biodiversity Areas (KBAs) covered by protected areas (%),ER_PTD_TERRS,188,15.2.1,Above-ground biomass in forest per hectare (tonnes per hectare),AG_LND_FRSTBIOPHA,193,Indirect-to-Direct Drivers: actions that directly affect nature,Y,638,0.11,0.192,0.248,0,0.0053,TRUE,TRUE
15.2.1,Forest area certified under an independently verified certification scheme (thousands of hectares),AG_LND_FRSTCERT,193,15.2.1,Forest area net change rate (%),AG_LND_FRSTCHG,193,Direct driver: Resource extraction: Rates of extraction of living and non-living materials from nature. Indirect-to-Direct Drivers: actions that directly affect nature: Forestry (logging for wood & biofuels) .,Y,596,0.012,0.089,-0.036,0.0312,0.7635,FALSE,TRUE
15.2.1,Forest area certified under an independently verified certification scheme (thousands of hectares),AG_LND_FRSTCERT,193,15.2.1,Above-ground biomass in forest per hectare (tonnes per hectare),AG_LND_FRSTBIOPHA,193,Direct driver: Resource extraction: Rates of extraction of living and non-living materials from nature. Indirect-to-Direct Drivers: actions that directly affect nature: Forestry (logging for wood & biofuels) .,Y,646,-0.071,0.161,0.053,2e-4,0.071,FALSE,TRUE
15.2.1,Proportion of forest area with a long-term management plan (%),AG_LND_FRSTMGT,193,15.2.1,Forest area net change rate (%),AG_LND_FRSTCHG,193,Direct driver: Resource extraction: Rates of extraction of living and non-living materials from nature. Indirect-to-Direct Drivers: actions that directly affect nature: Forestry (logging for wood & biofuels) .,Y,224,0.224,0.108,-0.005,0.9291,7e-4,TRUE,FALSE
15.2.1,Proportion of forest area within legally established protected areas (%),AG_LND_FRSTPRCT,193,15.2.1,Forest area net change rate (%),AG_LND_FRSTCHG,193,Direct driver: Resource extraction: Rates of extraction of living and non-living materials from nature. Indirect-to-Direct Drivers: actions that directly affect nature: Forestry (logging for wood & biofuels) .,Y,414,-0.188,0.1,-0.153,0.0038,1e-4,TRUE,TRUE
15.2.1,Proportion of forest area within legally established protected areas (%),AG_LND_FRSTPRCT,193,15.2.1,Above-ground biomass in forest per hectare (tonnes per hectare),AG_LND_FRSTBIOPHA,193,Direct driver: Resource extraction: Rates of extraction of living and non-living materials from nature. Indirect-to-Direct Drivers: actions that directly affect nature: Forestry (logging for wood & biofuels) .,Y,503,0.112,0.192,0.157,0,0.012,TRUE,TRUE
15.2.1,Forest area certified under an independently verified certification scheme (thousands of hectares),AG_LND_FRSTCERT,193,6.6.1,Water body extent (permanent) (% of total land area),EN_WBE_PMPR,193,Direct driver: Resource extraction: Rates of extraction of living and non-living materials from nature. Indirect-to-Direct Drivers: actions that directly affect nature: Forestry (logging for wood & biofuels) .,Y,806,0.051,0.045,0.036,0.0026,0.1485,FALSE,TRUE
15.2.1,Forest area certified under an independently verified certification scheme (thousands of hectares),AG_LND_FRSTCERT,193,6.6.1,Water body extent (permanent) (square kilometres),EN_WBE_PMNR,193,Direct driver: Resource extraction: Rates of extraction of living and non-living materials from nature. Indirect-to-Direct Drivers: actions that directly affect nature: Forestry (logging for wood & biofuels) .,Y,806,0.842,0.682,0.239,0,0,TRUE,TRUE
15.2.1,Forest area certified under an independently verified certification scheme (thousands of hectares),AG_LND_FRSTCERT,193,6.6.1,Water body extent (permanent and maybe permanent) (% of total land area),EN_WBE_PMPP,193,Direct driver: Resource extraction: Rates of extraction of living and non-living materials from nature. Indirect-to-Direct Drivers: actions that directly affect nature: Forestry (logging for wood & biofuels) .,Y,806,0.044,0.047,0.038,0.0023,0.2075,FALSE,TRUE
15.2.1,Forest area certified under an independently verified certification scheme (thousands of hectares),AG_LND_FRSTCERT,193,6.6.1,Water body extent (permanent and maybe permanent) (square kilometres),EN_WBE_PMPN,193,Direct driver: Resource extraction: Rates of extraction of living and non-living materials from nature. Indirect-to-Direct Drivers: actions that directly affect nature: Forestry (logging for wood & biofuels) .,Y,806,0.835,0.676,0.24,0,0,TRUE,TRUE
15.2.1,Proportion of forest area with a long-term management plan (%),AG_LND_FRSTMGT,193,6.6.1,Water body extent (permanent) (% of total land area),EN_WBE_PMPR,193,Direct driver: Resource extraction: Rates of extraction of living and non-living materials from nature. Indirect-to-Direct Drivers: actions that directly affect nature: Forestry (logging for wood & biofuels) .,Y,224,0.11,0.188,0.05,0.0902,0.1005,FALSE,FALSE
15.2.1,Proportion of forest area with a long-term management plan (%),AG_LND_FRSTMGT,193,6.6.1,Water body extent (permanent) (square kilometres),EN_WBE_PMNR,193,Direct driver: Resource extraction: Rates of extraction of living and non-living materials from nature. Indirect-to-Direct Drivers: actions that directly affect nature: Forestry (logging for wood & biofuels) .,Y,224,0.154,0.567,0.03,0.7292,0.0213,TRUE,FALSE
15.2.1,Proportion of forest area with a long-term management plan (%),AG_LND_FRSTMGT,193,6.6.1,Water body extent (permanent and maybe permanent) (% of total land area),EN_WBE_PMPP,193,Direct driver: Resource extraction: Rates of extraction of living and non-living materials from nature. Indirect-to-Direct Drivers: actions that directly affect nature: Forestry (logging for wood & biofuels) .,Y,224,0.1,0.203,0.052,0.0777,0.1347,FALSE,FALSE
15.2.1,Proportion of forest area with a long-term management plan (%),AG_LND_FRSTMGT,193,6.6.1,Water body extent (permanent and maybe permanent) (square kilometres),EN_WBE_PMPN,193,Direct driver: Resource extraction: Rates of extraction of living and non-living materials from nature. Indirect-to-Direct Drivers: actions that directly affect nature: Forestry (logging for wood & biofuels) .,Y,224,0.154,0.564,0.033,0.7045,0.0211,TRUE,FALSE
15.2.1,Proportion of forest area within legally established protected areas (%),AG_LND_FRSTPRCT,193,6.6.1,Water body extent (permanent) (% of total land area),EN_WBE_PMPR,193,Direct driver: Resource extraction: Rates of extraction of living and non-living materials from nature. Indirect-to-Direct Drivers: actions that directly affect nature: Forestry (logging for wood & biofuels) .,Y,414,-0.032,0.045,-0.002,0.9541,0.5153,FALSE,FALSE
15.2.1,Proportion of forest area within legally established protected areas (%),AG_LND_FRSTPRCT,193,6.6.1,Water body extent (permanent) (square kilometres),EN_WBE_PMNR,193,Direct driver: Resource extraction: Rates of extraction of living and non-living materials from nature. Indirect-to-Direct Drivers: actions that directly affect nature: Forestry (logging for wood & biofuels) .,Y,414,-0.099,0.607,-0.131,0.1015,0.0439,TRUE,FALSE
15.2.1,Proportion of forest area within legally established protected areas (%),AG_LND_FRSTPRCT,193,6.6.1,Water body extent (permanent and maybe permanent) (% of total land area),EN_WBE_PMPP,193,Direct driver: Resource extraction: Rates of extraction of living and non-living materials from nature. Indirect-to-Direct Drivers: actions that directly affect nature: Forestry (logging for wood & biofuels) .,Y,414,-0.033,0.042,-0.001,0.9731,0.4974,FALSE,FALSE
15.2.1,Proportion of forest area within legally established protected areas (%),AG_LND_FRSTPRCT,193,6.6.1,Water body extent (permanent and maybe permanent) (square kilometres),EN_WBE_PMPN,193,Direct driver: Resource extraction: Rates of extraction of living and non-living materials from nature. Indirect-to-Direct Drivers: actions that directly affect nature: Forestry (logging for wood & biofuels) .,Y,414,-0.1,0.604,-0.13,0.1042,0.0426,TRUE,FALSE
